﻿<?xml version="1.0" encoding="UTF-8"?>
<!DOCTYPE MarineWiz SYSTEM "C:\Users\Jeon\Documents\MarineWiz DTD_2020.09.08.dtd">
<!-- edited with XMLSpy v2020 rel. 2 sp1 (x64) (http://www.altova.com) by ja (Com) -->
<MarineWiz>
  <DLL name="RemoteSensingConnect">
    <class name="DataAccessManager" namespace="RemoteSensingConnect">
      <constructor var="DataAccessManager"/>
      <function type="void" name="Activate"/>
      <function type="void" name="AddSensorHandler">
        <parameter name="eventHandler" type="EventHandler"/>
        <code>Gateway.SensorHandler += eventHandler;</code>
      </function>
    </class>
  </DLL>
</MarineWiz>